Data;Hora UTC;PRECIPITAÇÃO TOTAL(mm);TEMPERATURA DO AR(°C);UMIDADE RELATIVA DO AR (%);TEMPERATURA DO TRILHO (°C);"""Radiação Solar (W/m²)"; VELOCIDADE DO VENTO (km/h)  
01/01/2024;0500 UTC;0 mm;28.5;72;42.1;750;10
01/01/2024;0600 UTC;0 mm;29.1;70;43.0;800;9
01/01/2024;0700 UTC;0 mm;28.8;74;41.8;720;12
01/01/2024;0800 UTC;0 mm;29.3;73;42.5;780;11
01/01/2024;1200 UTC;0 mm;31.5;65;45.7;850;8
01/01/2024;1600 UTC;0 mm;33.2;63;48.3;920;6
01/01/2024;1700 UTC;0 mm;32.8;64;47.5;910;7
01/01/2024;1800 UTC;0 mm;34.7;60;50.1;980;5
01/01/2024;1900 UTC;0 mm;32.6;66;47.0;880;6
02/01/2024;0500 UTC;0 mm;30.4;75;44.2;810;10
02/01/2024;0600 UTC;0 mm;30.7;74;44.5;820;9
02/01/2024;0700 UTC;0 mm;31.2;70;45.3;860;8
02/01/2024;0800 UTC;0 mm;31.8;68;46.2;870;7
02/01/2024;1200 UTC;0 mm;34.1;60;49.0;940;5
02/01/2024;1600 UTC;0 mm;37.5;55;53.7;1020;4
02/01/2024;1700 UTC;0 mm;35.8;62;51.5;990;5
02/01/2024;1800 UTC;0 mm;32.9;68;47.8;890;6
02/01/2024;1900 UTC;0 mm;32.5;67;47.3;870;7
03/01/2024;0500 UTC;0 mm;31.3;70;45.9;860;8
03/01/2024;0600 UTC;0 mm;31.9;68;46.5;880;7
03/01/2024;0700 UTC;0 mm;31.8;69;46.4;875;7
03/01/2024;0800 UTC;0 mm;31.2;71;45.6;860;8
03/01/2024;1200 UTC;0 mm;36.1;58;51.0;1000;4
03/01/2024;1600 UTC;0 mm;38.4;54;55.2;1080;3
03/01/2024;1700 UTC;0 mm;34.7;67;50.5;970;5
03/01/2024;1800 UTC;0 mm;32.1;78;47.2;880;7
03/01/2024;1900 UTC;0 mm;31.6;79;46.7;870;8
04/01/2024;0500 UTC;0 mm;30.4;85;44.8;820;9
04/01/2024;0600 UTC;0 mm;30.2;82;44.5;815;9
04/01/2024;0700 UTC;0 mm;29.9;83;44.0;800;10
04/01/2024;0800 UTC;1 mm;29.8;85;43.8;790;10
04/01/2024;1200 UTC;0 mm;32.3;78;46.9;880;10
04/01/2024;1600 UTC;0.2 mm;33.7;80;48.7;920;7
04/01/2024;1700 UTC;0 mm;32.1;82;47.0;890;7
04/01/2024;1800 UTC;0 mm;33.4;77;48.5;930;7
04/01/2024;1900 UTC;0.8 mm;33.0;80;48.1;910;6
05/01/2024;0500 UTC;1 mm;29.7;85;43.5;780;6
05/01/2024;0600 UTC;0 mm;29.5;86;43.3;770;5
05/01/2024;0700 UTC;0 mm;29.8;85;43.6;790;5
05/01/2024;0800 UTC;0 mm;30.0;85;44.0;800;4
05/01/2024;1200 UTC;0 mm;33.2;68;48.3;910;7
05/01/2024;1600 UTC;0 mm;36.0;63;51.7;990;10
05/01/2024;1700 UTC;0 mm;35.3;62;51.0;980;10
05/01/2024;1800 UTC;0 mm;32.2;80;47.2;880;10
05/01/2024;1900 UTC;0 mm;33.8;67;48.9;920;10
06/01/2024;0500 UTC;0.2 mm;29.5;83;43.7;780;6
06/01/2024;0600 UTC;0 mm;29.2;82;43.4;770;5
06/01/2024;0700 UTC;0 mm;29.5;82;43.8;780;5
06/01/2024;0800 UTC;0 mm;30.0;85;44.5;800;6
06/01/2024;1200 UTC;0 mm;32.7;68;47.5;890;8
06/01/2024;1600 UTC;0 mm;34.8;60;50.2;950;8
06/01/2024;1700 UTC;0 mm;35.4;59;50.8;960;8
06/01/2024;1800 UTC;0 mm;35.1;63;50.5;940;10
06/01/2024;1900 UTC;0 mm;33.2;65;48.9;920;10
07/01/2024;0500 UTC;0 mm;31.0;70;46.0;860;10
07/01/2024;0600 UTC;0 mm;30.6;71;45.5;850;10
07/01/2024;0700 UTC;0 mm;30.2;72;44.9;830;8
07/01/2024;0800 UTC;0 mm;29.7;75;44.0;800;7
07/01/2024;1200 UTC;0 mm;35.3;55;51.5;990;8
07/01/2024;1600 UTC;0 mm;41.0;40;60.2;1200;4
07/01/2024;1700 UTC;0 mm;38.5;58;55.8;1100;2
;;;;;;;
;;;;;;;
